<?xml version="1.0" encoding="UTF-8"?>
<project-private xmlns="http://www.netbeans.org/ns/project-private/1">
    <editor-bookmarks xmlns="http://www.netbeans.org/ns/editor-bookmarks/2" lastBookmarkId="0"/>
    <open-files xmlns="http://www.netbeans.org/ns/projectui-open-files/2">
        <group>
            <file>file:/C:/Users/gogua/OneDrive%20-%20lpulaguna.edu.ph/Documents/NetBeansProjects/UniLink/src/UniLink/viewRecordsGrade.java</file>
            <file>file:/C:/Users/gogua/OneDrive%20-%20lpulaguna.edu.ph/Documents/NetBeansProjects/UniLink/src/UniLink/viewRecordsUser.java</file>
            <file>file:/C:/Users/gogua/OneDrive%20-%20lpulaguna.edu.ph/Documents/NetBeansProjects/UniLink/src/UniLink/dashboard.java</file>
            <file>file:/C:/Users/gogua/OneDrive%20-%20lpulaguna.edu.ph/Documents/NetBeansProjects/UniLink/src/UniLink/viewRecordsEnrollment.java</file>
            <file>file:/C:/Users/gogua/OneDrive%20-%20lpulaguna.edu.ph/Documents/NetBeansProjects/UniLink/src/UniLink/viewRecordsCourse.java</file>
            <file>file:/C:/Users/gogua/OneDrive%20-%20lpulaguna.edu.ph/Documents/NetBeansProjects/UniLink/src/UniLink/viewRecordsStudent.java</file>
        </group>
    </open-files>
</project-private>
